epoch,train_loss,val_loss,train_acc,val_acc
0,0.49147656559944153,0.49062549164800934,0.425,0.3787878787878788
1,0.4816580265760422,0.4840810506632834,0.36875,0.3787878787878788
