epoch,train_loss,val_loss,train_acc,val_acc
0,0.6200262222971235,0.524936484952345,0.47023809523809523,0.2127659574468085
1,0.6047231157620748,0.5462719104814191,0.4479166666666667,0.2127659574468085
