epoch,train_loss,val_loss,train_acc,val_acc
0,0.48395417630672455,0.5150940424087,0.3625,0.43137254901960786
1,0.4723194509744644,0.5100254778768502,0.35,0.43137254901960786
